Description and Tags,Video ID,Likes,Comments,Shares,Views,Video Path,Keyword
#DIY #craft #handmade,6,,,,,videos\DIY\6-DIY.mp4,DIY
Very useful diy ideağŸ˜‰#foryou #DIY #idea #tipsforgirls #LearnOnTikTok #trick #useful #try #wow #funny,5,580300,661,10700,14300000,videos\DIY\5-DIY.mp4,DIY
#DIY #handmade #tutorial #viral,2,315200,518,28300,8500000,videos\DIY\2-DIY.mp4,DIY
#DIY #handmade #tutorials #viral,3,74400,172,11200,2900000,videos\DIY\3-DIY.mp4,DIY
Diy gift ideas part 5 .Â·:*Â¨à¼º,0,623900,1115,37000,8400000,videos\DIY\0-DIY.mp4,DIY
Incorporating essential oils in your lives is a big game changer ğŸ˜Œ #fypã‚· #foryoupage #essentialoils,0,935,15,28,47500,videos\Lavender Essential Oil\0-Lavender Essential Oil.mp4,Lavender Essential Oil
Lavender cupcake smells too good,5,434,3,0,35200,videos\Lavender Essential Oil\5-Lavender Essential Oil.mp4,Lavender Essential Oil
How to make lavender oil. #GetYourJeansOn #HPRadicalReuse  #lavender #essentialoils #lavenderoil #fa,2,1059,8,34,32900,videos\Lavender Essential Oil\2-Lavender Essential Oil.mp4,Lavender Essential Oil
Como usar los aceites de forma correcta #beoils #youngliving #aceitesesenciales #nontoxicliving #lav,4,85,1,13,4476,videos\Lavender Essential Oil\4-Lavender Essential Oil.mp4,Lavender Essential Oil
ğŸª»âœ¨ï¸ğŸ’œ EstÃ¡ lo mÃ¡ximo este difusor de air wick!!! #difusor #airwick #lavanda #lavender #diffuser #esse,6,85,5,7,6301,videos\Lavender Essential Oil\6-Lavender Essential Oil.mp4,Lavender Essential Oil
Does aromatherapy help you to sleep? #lavenderessentialoil #healthbenefits #aromatherapy #sleepspray,3,3424,22,17,165600,videos\Lavender Essential Oil\3-Lavender Essential Oil.mp4,Lavender Essential Oil
ğŸ’œ LAVENDER OIL EXTRACT ğŸ’œ PART ONE of two!  you will need:  â€¢dried lavender stems  â€¢morter and pestle,1,687,27,35,32500,videos\Lavender Essential Oil\1-Lavender Essential Oil.mp4,Lavender Essential Oil
Just because something is natural does not mean itâ€™s good for you! #estrogendominance #lavender #tea,9,243,26,23,26700,videos\Lavender Essential Oil\9-Lavender Essential Oil.mp4,Lavender Essential Oil
Lavender Essential Oil Benefits #tiktokpartner #LearnOnTikTok #essentialoils #followme #fyp #fy #for,8,178,0,9,11700,videos\Lavender Essential Oil\8-Lavender Essential Oil.mp4,Lavender Essential Oil
One of my favorites to throw in the diffuser at night! #essentialoils #lavender #sleepy #eveningrout,10,42,1,1,2674,videos\Lavender Essential Oil\10-Lavender Essential Oil.mp4,Lavender Essential Oil
"Yha gitu emang kalo gak paham, kadang suka ngegas ğŸ™ƒ #lavender #essentialoils #lavenderessentialoil #",11,236,11,168,25200,videos\Lavender Essential Oil\11-Lavender Essential Oil.mp4,Lavender Essential Oil
Iâ€™ve tried it allâ€¦ this is the best and easiest way! #toddlersoftiktok  #hairelastic #hairtok #hairt,12,826800,2430,8528,41900000,videos\Lavender Essential Oil\12-Lavender Essential Oil.mp4,Lavender Essential Oil
True Lavender oil roll on #gurunandaofficial #gurunanda #essentialoil #rollon #asmr,13,69,7,1,5159,videos\Lavender Essential Oil\13-Lavender Essential Oil.mp4,Lavender Essential Oil
"Lavender essential oil helps to relax, calm and balance both body and mind! #attractive #attraction",7,227,8,3,11100,videos\Lavender Essential Oil\7-Lavender Essential Oil.mp4,Lavender Essential Oil
The best diffuser #essentialoils #diffuser #SelfCare #spa #fyp #foryoupagethis #foryoupage,14,1889,18,39,76700,videos\Lavender Essential Oil\14-Lavender Essential Oil.mp4,Lavender Essential Oil
NEW FROM GUERLAIN AND AVAILABLE IN UK KISSKISS BEE GLOW OIL 92% NATURAL-ORIGIN HONEY TINT LIP OIL Sh,17,11,0,0,770,videos\Lavender Essential Oil\17-Lavender Essential Oil.mp4,Lavender Essential Oil
DIY Linen spray.                                                                       #fypã‚· #hack #,18,713,16,41,25600,videos\Lavender Essential Oil\18-Lavender Essential Oil.mp4,Lavender Essential Oil
Making lavender oil. Stay tuned to see what we do with this aromatic beauty. #herbalmedicine #infuse,19,172,1,11,3297,videos\Lavender Essential Oil\19-Lavender Essential Oil.mp4,Lavender Essential Oil
#oils #essentialoils #free99 #youngliving #fyp,15,1011,63,25,45300,videos\Lavender Essential Oil\15-Lavender Essential Oil.mp4,Lavender Essential Oil
Rice and lavender essential oils good for your shoulder neck ğŸš ğŸ‘©ğŸ¼â€âš•ï¸ğŸ™‡ğŸ¼â€â™€ï¸#lifetips #lifehacks #foryo,20,9454,4,97,1400000,videos\Lavender Essential Oil\20-Lavender Essential Oil.mp4,Lavender Essential Oil
Non-Toxic Fabric Refresher ğŸŒ¿ #nontoxicliving #homemadecleaningproducts #livingtoxinfree #fabricspray,16,1738,29,156,52500,videos\Lavender Essential Oil\16-Lavender Essential Oil.mp4,Lavender Essential Oil
Incorporating essential oils in your lives is a big game changer ğŸ˜Œ #fypã‚· #foryoupage #essentialoils,24,935,15,28,47500,videos\Lavender Essential Oil\24-Lavender Essential Oil.mp4,Lavender Essential Oil
#lavender #lavenderessentialoil #essentialoils  #familyfarm #lavenderlife #harvest #hydrosol #forsal,22,494,13,22,16400,videos\Lavender Essential Oil\22-Lavender Essential Oil.mp4,Lavender Essential Oil
"Replying to @mattloveshair  breaking elastics with essentials oils?! Lemon, peppermint, or citrus bl",23,38300,99,187,416600,videos\Lavender Essential Oil\23-Lavender Essential Oil.mp4,Lavender Essential Oil
Does aromatherapy help you to sleep? #lavenderessentialoil #healthbenefits #aromatherapy #sleepspray,27,3424,22,17,165600,videos\Lavender Essential Oil\27-Lavender Essential Oil.mp4,Lavender Essential Oil
How to make lavender oil. #GetYourJeansOn #HPRadicalReuse  #lavender #essentialoils #lavenderoil #fa,26,1059,8,34,32900,videos\Lavender Essential Oil\26-Lavender Essential Oil.mp4,Lavender Essential Oil
Lavendar ğŸ§¼ for sunburns redness#essentialoilsoap #foryou #purple #fyp,21,1665,14,21,39800,videos\Lavender Essential Oil\21-Lavender Essential Oil.mp4,Lavender Essential Oil
ğŸ’œ LAVENDER OIL EXTRACT ğŸ’œ PART ONE of two!  you will need:  â€¢dried lavender stems  â€¢morter and pestle,25,687,27,35,32500,videos\Lavender Essential Oil\25-Lavender Essential Oil.mp4,Lavender Essential Oil
Como usar los aceites de forma correcta #beoils #youngliving #aceitesesenciales #nontoxicliving #lav,28,85,1,13,4476,videos\Lavender Essential Oil\28-Lavender Essential Oil.mp4,Lavender Essential Oil
Lavender cupcake smells too good,29,434,3,0,35200,videos\Lavender Essential Oil\29-Lavender Essential Oil.mp4,Lavender Essential Oil
Replying to @Lyndsy this is how to get rid of your pcos chin hair. @HIQILI Essential Oils is amazing,4,24700,602,2866,1200000,videos\Peppermint Essential Oil\4-Peppermint Essential Oil.mp4,Peppermint Essential Oil
7 Essential oils everyone should have in their medicine cabinet. Part 4. Peppermimt Oil. #drjoshaxe,3,1413,15,327,25800,videos\Peppermint Essential Oil\3-Peppermint Essential Oil.mp4,Peppermint Essential Oil
my poor scalp needs all the help it can get #dryscalp #dryscalpremedy #dryscalphack #peppermentoil #,6,70,2,2,5326,videos\Peppermint Essential Oil\6-Peppermint Essential Oil.mp4,Peppermint Essential Oil
Have you ever tried Design Essentials peppermint oil!?! #productreview #kidsknotless #knotlessboxbra,5,1204,10,25,66300,videos\Peppermint Essential Oil\5-Peppermint Essential Oil.mp4,Peppermint Essential Oil
Peppermint oil is such an amazing and versatile essential oil and is a must have homeopathic remedy.,1,173,16,17,18100,videos\Peppermint Essential Oil\1-Peppermint Essential Oil.mp4,Peppermint Essential Oil
Part 9: Natural energy with peppermint #doterraessentialoils #doterra #wellnesstiktok #holistichealt,2,253,12,30,10500,videos\Peppermint Essential Oil\2-Peppermint Essential Oil.mp4,Peppermint Essential Oil
#fallvibesyall #peppermintessentialoil #essentialoilhack #homemakerlifestyle,0,84,2,12,7572,videos\Peppermint Essential Oil\0-Peppermint Essential Oil.mp4,Peppermint Essential Oil
"Siapa sih gak doyan Peppermint USA dari Renescent, soal kualitas dan aroma mah gak perlu diraguin la",9,32,0,1,6862,videos\Peppermint Essential Oil\9-Peppermint Essential Oil.mp4,Peppermint Essential Oil
Conheca os outros super benefÃ­cios do Ã³leo de Peppermint! Descubra como ele pode melhorar sua saÃºde,11,23,0,1,727,videos\Peppermint Essential Oil\11-Peppermint Essential Oil.mp4,Peppermint Essential Oil
No pude evitar ğŸ˜± #memen  #locion ğŸ¥° como la usas tu ?,12,34100,340,248,658700,videos\Peppermint Essential Oil\12-Peppermint Essential Oil.mp4,Peppermint Essential Oil
#vascular #headachesr#headachesreliefloils,8,64,2,12,2697,videos\Peppermint Essential Oil\8-Peppermint Essential Oil.mp4,Peppermint Essential Oil
"Kalau korang pening kepala, korang selalu capai apa? Kalau Su memang EO Peppermint la yang bermain d",10,16,3,3,1489,videos\Peppermint Essential Oil\10-Peppermint Essential Oil.mp4,Peppermint Essential Oil
"Replying to @1aa17 how to use peppermint oil to reduce bloating - add a drop to your hand, dilute wi",7,725,20,20,30900,videos\Peppermint Essential Oil\7-Peppermint Essential Oil.mp4,Peppermint Essential Oil
"biar tidur lebih nyaman dan nyenyak, cobain deh pake Essential Oil dari @beyondlyofficial Peppermint",13,347,35,111,11600,videos\Peppermint Essential Oil\13-Peppermint Essential Oil.mp4,Peppermint Essential Oil
Concentrated Peppermint oil and how i use it daily ğŸ¤©ğŸ’–#peppermint #essentialoil #boostenergy #natural,16,666,60,66,21000,videos\Peppermint Essential Oil\16-Peppermint Essential Oil.mp4,Peppermint Essential Oil
My hair growth oil is formulated based on clinical studies! ğŸ’– #naturalhairgrowthoil #hairgrowthoilwo,17,170000,544,3808,1700000,videos\Peppermint Essential Oil\17-Peppermint Essential Oil.mp4,Peppermint Essential Oil
"Kenalin, aku Peppermint Essential Oil ğŸ¥°",20,1351,5,162,50000,videos\Peppermint Essential Oil\20-Peppermint Essential Oil.mp4,Peppermint Essential Oil
"Replying to @firman_84 ada dong kak, kebetulan bgt lagi diskon cuma sampe 27 sept hehe #youngliving",15,102,5,19,6975,videos\Peppermint Essential Oil\15-Peppermint Essential Oil.mp4,Peppermint Essential Oil
Natural solution for tummy troubles! #peppermint #essentialoils #bellyache #tummybug #natural #welln,19,1457,60,191,46700,videos\Peppermint Essential Oil\19-Peppermint Essential Oil.mp4,Peppermint Essential Oil
peppermint essential oil #peppermint #mice #rats #rodents #mousetrap #peppermintoil #nature #invasio,14,84,1,7,9485,videos\Peppermint Essential Oil\14-Peppermint Essential Oil.mp4,Peppermint Essential Oil
7 Essential oils everyone should have in their medicine cabinet. Part 4. Peppermimt Oil. #drjoshaxe,25,1413,15,327,25800,videos\Peppermint Essential Oil\25-Peppermint Essential Oil.mp4,Peppermint Essential Oil
Rosemary peppermint oil for hairgrowth #haircareroutine #rosemaryoil #malegrooming #fyp #dermaroller,18,64900,631,2759,4000000,videos\Peppermint Essential Oil\18-Peppermint Essential Oil.mp4,Peppermint Essential Oil
Replying to @Lyndsy this is how to get rid of your pcos chin hair. @HIQILI Essential Oils is amazing,26,24700,602,2866,1200000,videos\Peppermint Essential Oil\26-Peppermint Essential Oil.mp4,Peppermint Essential Oil
#fallvibesyall #peppermintessentialoil #essentialoilhack #homemakerlifestyle,22,84,2,12,7572,videos\Peppermint Essential Oil\22-Peppermint Essential Oil.mp4,Peppermint Essential Oil
Have you ever tried Design Essentials peppermint oil!?! #productreview #kidsknotless #knotlessboxbra,27,1204,10,25,66300,videos\Peppermint Essential Oil\27-Peppermint Essential Oil.mp4,Peppermint Essential Oil
Bikin kamu lebih relax dengan Essential Oil dari FreshLiving by Freshcareâ¤ï¸ #freshliving #freshcare,21,23,0,6,1846,videos\Peppermint Essential Oil\21-Peppermint Essential Oil.mp4,Peppermint Essential Oil
Part 9: Natural energy with peppermint #doterraessentialoils #doterra #wellnesstiktok #holistichealt,24,253,12,30,10500,videos\Peppermint Essential Oil\24-Peppermint Essential Oil.mp4,Peppermint Essential Oil
Peppermint oil is such an amazing and versatile essential oil and is a must have homeopathic remedy.,23,173,16,17,18100,videos\Peppermint Essential Oil\23-Peppermint Essential Oil.mp4,Peppermint Essential Oil
my poor scalp needs all the help it can get #dryscalp #dryscalpremedy #dryscalphack #peppermentoil #,28,70,2,2,5326,videos\Peppermint Essential Oil\28-Peppermint Essential Oil.mp4,Peppermint Essential Oil
"Replying to @1aa17 how to use peppermint oil to reduce bloating - add a drop to your hand, dilute wi",29,725,20,20,30900,videos\Peppermint Essential Oil\29-Peppermint Essential Oil.mp4,Peppermint Essential Oil
My eucalyptus towels from my last video. I keep them in my home gym. Everything linked in my bio! #w,5,5115,47,372,68000,videos\Eucalyptus Essential Oil\5-Eucalyptus Essential Oil.mp4,Eucalyptus Essential Oil
beauty sleep activated ğŸ’šğŸ’šğŸ’š #bedtimeroutine #bedtime #sheets #eucalyptusoil #nighttimeroutine,6,93,9,2,5352,videos\Eucalyptus Essential Oil\6-Eucalyptus Essential Oil.mp4,Eucalyptus Essential Oil
#AromaDiffuser #AromaTherapy #EssentialOilTherapy #Eucalyptus,3,8,1,1,913,videos\Eucalyptus Essential Oil\3-Eucalyptus Essential Oil.mp4,Eucalyptus Essential Oil
Replying to @autumnxgh0st eucalyptus oil is why! ğŸ’“ #showereucalyptus,1,642,7,16,22400,videos\Eucalyptus Essential Oil\1-Eucalyptus Essential Oil.mp4,Eucalyptus Essential Oil
Spiritual Uses of Eucalyptus Essential Oil #witchtok #spiritualprotection #essentialoils,0,195,1,8,7846,videos\Eucalyptus Essential Oil\0-Eucalyptus Essential Oil.mp4,Eucalyptus Essential Oil
If youâ€™re sick and need something to help you feel better - try this! DUET IF YOU TRY IT #bronchitis,2,249,3,25,16700,videos\Eucalyptus Essential Oil\2-Eucalyptus Essential Oil.mp4,Eucalyptus Essential Oil
Uplifting Essential Oil: Eucalyptus #EssentialOil #UtamaSpiceBali #UtamaSpice #racuntiktokshopping #,4,368,0,2,59300,videos\Eucalyptus Essential Oil\4-Eucalyptus Essential Oil.mp4,Eucalyptus Essential Oil
#anxietyrelief #anxietytherapist #anxietytiktok #essentialoils #essentialoilstips #essentialoilsfora,8,908,13,46,35000,videos\Eucalyptus Essential Oil\8-Eucalyptus Essential Oil.mp4,Eucalyptus Essential Oil
Geranium essential oil is known as poor manâ€™s rose. #geranium #geraniumoil #oiltips #howtouseoils #l,10,141,19,4,7606,videos\Eucalyptus Essential Oil\10-Eucalyptus Essential Oil.mp4,Eucalyptus Essential Oil
Did you know? #essentialoils #homehack #dreamhome #homehelp #LearnOnTikTok,11,4156,42,433,101800,videos\Eucalyptus Essential Oil\11-Eucalyptus Essential Oil.mp4,Eucalyptus Essential Oil
Aromatherapy Freah Eucalyptus Wreath. LOVE LOVE LOVE #fyp #flowers #eucalyptus #DIY #aromatherapy #f,13,54,0,3,2398,videos\Eucalyptus Essential Oil\13-Eucalyptus Essential Oil.mp4,Eucalyptus Essential Oil
Como limpiar tu difusor #feathertheowl de #youngliving. #aromaterapia #aceitesesenciales #difusoresd,9,57,0,11,2638,videos\Eucalyptus Essential Oil\9-Eucalyptus Essential Oil.mp4,Eucalyptus Essential Oil
#oils #essentialoils #free99 #youngliving #fyp,7,1011,63,25,45300,videos\Eucalyptus Essential Oil\7-Eucalyptus Essential Oil.mp4,Eucalyptus Essential Oil
"Eucalyptus essential oil is soo amazing for congestion.  In general, essential oils are amazing comp",12,21,0,1,4153,videos\Eucalyptus Essential Oil\12-Eucalyptus Essential Oil.mp4,Eucalyptus Essential Oil
"Essential oils help us in various aspects of our daily lives.  For example, Eucalyptus essential oil",14,0,0,0,49,videos\Eucalyptus Essential Oil\14-Eucalyptus Essential Oil.mp4,Eucalyptus Essential Oil
Rekomendasi Essential Oil by @Capsen : Pure Essential Oil #capsen #difuser #essentialoil,16,42,0,1,7214,videos\Eucalyptus Essential Oil\16-Eucalyptus Essential Oil.mp4,Eucalyptus Essential Oil
Our shampoo bar combines natural ingredients for a sustainable haircare solution âœ¨ #shampoo #shampoo,18,3,0,4,2476,videos\Eucalyptus Essential Oil\18-Eucalyptus Essential Oil.mp4,Eucalyptus Essential Oil
A few more fabulous tips using eucalyptus oil #fyp #ecocleaning #housework #cleanup #CleanTok #clean,15,376,6,10,20500,videos\Eucalyptus Essential Oil\15-Eucalyptus Essential Oil.mp4,Eucalyptus Essential Oil
"Siapa nih yang suka batuk""? Mending ikuti rekomendasi ini!! #bathaholic #batuk #batukpilek #sakit #m",19,7,0,1,851,videos\Eucalyptus Essential Oil\19-Eucalyptus Essential Oil.mp4,Eucalyptus Essential Oil
Reply to @skyepie0316 Letâ€™s make a DIY Natural Mosquito Repellant with essential oils ğŸ˜ğŸ’• #FeelingGoo,17,2324,23,483,107900,videos\Eucalyptus Essential Oil\17-Eucalyptus Essential Oil.mp4,Eucalyptus Essential Oil
fav â¤ï¸  #nowessentialoils #eucalyptus  #nowessentialoilspilihanku  #personalcare  #tira  #genq,20,0,0,0,251,videos\Eucalyptus Essential Oil\20-Eucalyptus Essential Oil.mp4,Eucalyptus Essential Oil
No pude evitar ğŸ˜± #memen  #locion ğŸ¥° como la usas tu ?,22,34100,340,248,658700,videos\Eucalyptus Essential Oil\22-Eucalyptus Essential Oil.mp4,Eucalyptus Essential Oil
If youâ€™re sick and need something to help you feel better - try this! DUET IF YOU TRY IT #bronchitis,25,249,3,25,16700,videos\Eucalyptus Essential Oil\25-Eucalyptus Essential Oil.mp4,Eucalyptus Essential Oil
Spiritual Uses of Eucalyptus Essential Oil #witchtok #spiritualprotection #essentialoils,23,195,1,8,7846,videos\Eucalyptus Essential Oil\23-Eucalyptus Essential Oil.mp4,Eucalyptus Essential Oil
#AromaDiffuser #AromaTherapy #EssentialOilTherapy #Eucalyptus,26,8,1,1,913,videos\Eucalyptus Essential Oil\26-Eucalyptus Essential Oil.mp4,Eucalyptus Essential Oil
Uplifting Essential Oil: Eucalyptus #EssentialOil #UtamaSpiceBali #UtamaSpice #racuntiktokshopping #,27,368,0,2,59300,videos\Eucalyptus Essential Oil\27-Eucalyptus Essential Oil.mp4,Eucalyptus Essential Oil
Replying to @autumnxgh0st eucalyptus oil is why! ğŸ’“ #showereucalyptus,24,642,7,16,22400,videos\Eucalyptus Essential Oil\24-Eucalyptus Essential Oil.mp4,Eucalyptus Essential Oil
"Replying to @firman_84 ada dong kak, kebetulan bgt lagi diskon cuma sampe 27 sept hehe #youngliving",21,102,5,19,6975,videos\Eucalyptus Essential Oil\21-Eucalyptus Essential Oil.mp4,Eucalyptus Essential Oil
beauty sleep activated ğŸ’šğŸ’šğŸ’š #bedtimeroutine #bedtime #sheets #eucalyptusoil #nighttimeroutine,29,93,9,2,5352,videos\Eucalyptus Essential Oil\29-Eucalyptus Essential Oil.mp4,Eucalyptus Essential Oil
My eucalyptus towels from my last video. I keep them in my home gym. Everything linked in my bio! #w,28,5115,47,372,68000,videos\Eucalyptus Essential Oil\28-Eucalyptus Essential Oil.mp4,Eucalyptus Essential Oil
Earaches? Tea Tree to the rescue! #herbs #essentialoils #teatree #eo #eoqueen #mystikalaf #pagan,5,145,10,7,4507,videos\Tea Tree Essential Oil\5-Tea Tree Essential Oil.mp4,Tea Tree Essential Oil
Tea Tree Oil #LearnOnTikTok #tiktokpartner #younglivingessentialoils #health #alternative,3,194,0,21,13300,videos\Tea Tree Essential Oil\3-Tea Tree Essential Oil.mp4,Tea Tree Essential Oil
3 Beneficios del aceite de Ã¡rbol de tÃ©  ğŸŒ± #teatree,2,442,4,53,21600,videos\Tea Tree Essential Oil\2-Tea Tree Essential Oil.mp4,Tea Tree Essential Oil
Tea tree essential oil has so many uses #oiltips #oiltipsandtricks #learnhowtouse #naturalmamma #tea,6,275,8,23,23600,videos\Tea Tree Essential Oil\6-Tea Tree Essential Oil.mp4,Tea Tree Essential Oil
Donâ€™t sleep on diluted tea tree oil. Itâ€™s a miracle in a bottle. #skincaretips #teatreeoil,4,1783,50,47,130300,videos\Tea Tree Essential Oil\4-Tea Tree Essential Oil.mp4,Tea Tree Essential Oil
Responder a @irenemichelle_ #piel #granitos #acne #acnÃ© #grano #zit #teatreeoil #teatree #skincare #,1,675,36,16,26000,videos\Tea Tree Essential Oil\1-Tea Tree Essential Oil.mp4,Tea Tree Essential Oil
Tea Tree Essential Oil for Acne!,0,105,4,5,17500,videos\Tea Tree Essential Oil\0-Tea Tree Essential Oil.mp4,Tea Tree Essential Oil
,9,8697,147,416,404700,videos\Tea Tree Essential Oil\9-Tea Tree Essential Oil.mp4,Tea Tree Essential Oil
"#ad  Adding Tea Tree to your skincare routine is great for all skin types, esp. oily & acne-prone sk",10,44600,333,2309,8000000,videos\Tea Tree Essential Oil\10-Tea Tree Essential Oil.mp4,Tea Tree Essential Oil
Best and Worst (3) #dermdoctor #skincare #teatreeoil,7,135100,512,1645,5100000,videos\Tea Tree Essential Oil\7-Tea Tree Essential Oil.mp4,Tea Tree Essential Oil
Tea â˜•ï¸ Tree ğŸŒ³ Oil #LearnOnTikTok #skin #skincare #beauty,11,3567,152,103,99200,videos\Tea Tree Essential Oil\11-Tea Tree Essential Oil.mp4,Tea Tree Essential Oil
Replying to @autumn_rain361 #essentialoils #carrieroils #gurunanda,8,9220,429,682,298000,videos\Tea Tree Essential Oil\8-Tea Tree Essential Oil.mp4,Tea Tree Essential Oil
Undiluted tea tree oil mixed with vitamin e oil is never a go. Essential oils are like putting perfu,13,677,20,2,59400,videos\Tea Tree Essential Oil\13-Tea Tree Essential Oil.mp4,Tea Tree Essential Oil
#skincare #acne #dermatology #beauty #natural #skin #skincareroutine #skincaretips #antiaging #glowi,12,372,1,9,24100,videos\Tea Tree Essential Oil\12-Tea Tree Essential Oil.mp4,Tea Tree Essential Oil
Adding tea tree oil to night time skincare routine ğŸŒ±ğŸ§–ğŸ»â€â™€ï¸ #skincare #skincareroutine #antiaging #cle,16,14,0,0,2541,videos\Tea Tree Essential Oil\16-Tea Tree Essential Oil.mp4,Tea Tree Essential Oil
Spiritual Uses of Tea Tree essential oil #essentialoils #essentialoil #spiritualtiktok,19,56,3,0,2994,videos\Tea Tree Essential Oil\19-Tea Tree Essential Oil.mp4,Tea Tree Essential Oil
El producto que mÃ¡s me ha ayudado ğŸ’› Rosehip seed oil âœ¨ #skincare #rosehipoil #worththehype #skincare,20,330,8,7,11700,videos\Tea Tree Essential Oil\20-Tea Tree Essential Oil.mp4,Tea Tree Essential Oil
#greenscreen tea tree oil por 25 centavos #cuponeandoenwalgreens,14,108,6,2,2847,videos\Tea Tree Essential Oil\14-Tea Tree Essential Oil.mp4,Tea Tree Essential Oil
Replying to @Beautybyfavisage #mrsifeanyi340skincare #SkinCare #mrsifybackuppage #mrsify340,17,50,7,0,1380,videos\Tea Tree Essential Oil\17-Tea Tree Essential Oil.mp4,Tea Tree Essential Oil
Ampuh lawan jerawat!!! cobain SATSET BAG TEA TREE OIL @Safi Indonesia ğŸ’š #SkincarewithLuthfinadia #Ta,18,465,8,75,73400,videos\Tea Tree Essential Oil\18-Tea Tree Essential Oil.mp4,Tea Tree Essential Oil
Reply to @user193829238819 #dandruff is something sooo many of us deal with. This is a simple #dandr,15,16200,193,682,219700,videos\Tea Tree Essential Oil\15-Tea Tree Essential Oil.mp4,Tea Tree Essential Oil
Replying to @Comfortâ¤ï¸ Based on the questions yâ€™all be askingâ€¦.Tea tree oil works for me and this is,23,797,50,12,45100,videos\Tea Tree Essential Oil\23-Tea Tree Essential Oil.mp4,Tea Tree Essential Oil
Tea Tree Oil #LearnOnTikTok #tiktokpartner #younglivingessentialoils #health #alternative,27,194,0,21,13300,videos\Tea Tree Essential Oil\27-Tea Tree Essential Oil.mp4,Tea Tree Essential Oil
Tea Tree Essential Oil for Acne!,24,105,4,5,17500,videos\Tea Tree Essential Oil\24-Tea Tree Essential Oil.mp4,Tea Tree Essential Oil
3 Beneficios del aceite de Ã¡rbol de tÃ©  ğŸŒ± #teatree,26,442,4,53,21600,videos\Tea Tree Essential Oil\26-Tea Tree Essential Oil.mp4,Tea Tree Essential Oil
#acne #acnetreatment #essentialoils #teatreeoil #naturopathicmedicine #dermatology #fyp#glitter#skin,21,576,13,10,38900,videos\Tea Tree Essential Oil\21-Tea Tree Essential Oil.mp4,Tea Tree Essential Oil
Tea three oil#tedearbol #aceites #fyp #viral,22,222,5,9,14500,videos\Tea Tree Essential Oil\22-Tea Tree Essential Oil.mp4,Tea Tree Essential Oil
Responder a @irenemichelle_ #piel #granitos #acne #acnÃ© #grano #zit #teatreeoil #teatree #skincare #,25,675,36,16,26000,videos\Tea Tree Essential Oil\25-Tea Tree Essential Oil.mp4,Tea Tree Essential Oil
Earaches? Tea Tree to the rescue! #herbs #essentialoils #teatree #eo #eoqueen #mystikalaf #pagan,29,145,10,7,4507,videos\Tea Tree Essential Oil\29-Tea Tree Essential Oil.mp4,Tea Tree Essential Oil
Donâ€™t sleep on diluted tea tree oil. Itâ€™s a miracle in a bottle. #skincaretips #teatreeoil,28,1783,50,47,130300,videos\Tea Tree Essential Oil\28-Tea Tree Essential Oil.mp4,Tea Tree Essential Oil
Reply to @xjhn OMG ğŸ˜³ I had no idea lemon oil weakens hair elastics! ğŸ‹Maybe if my oil was pure lemon,3,298,4,9,14000,videos\Lemon Essential Oil\3-Lemon Essential Oil.mp4,Lemon Essential Oil
Keep your home clean & fresh with lemon essential oil ğŸ‹ #fyp #doterra #doterraessentialoils #CleanTo,1,563,7,116,20800,videos\Lemon Essential Oil\1-Lemon Essential Oil.mp4,Lemon Essential Oil
Iâ€™ve tried it allâ€¦ this is the best and easiest way! #toddlersoftiktok  #hairelastic #hairtok #hairt,2,826800,2430,8528,41900000,videos\Lemon Essential Oil\2-Lemon Essential Oil.mp4,Lemon Essential Oil
"Replying to @mattloveshair  breaking elastics with essentials oils?! Lemon, peppermint, or citrus bl",0,38300,99,187,416600,videos\Lemon Essential Oil\0-Lemon Essential Oil.mp4,Lemon Essential Oil
Begginer's guide to essential oil pt.3. Today we will be talking about all this lemon essential oil,5,4,1,0,733,videos\Lemon Essential Oil\5-Lemon Essential Oil.mp4,Lemon Essential Oil
3 of our favorite ways to use Lemon Oil! ğŸ‹ #aromatherapy #lemonoil #lemonuses #diffuser #essentialoi,4,55,1,2,1868,videos\Lemon Essential Oil\4-Lemon Essential Oil.mp4,Lemon Essential Oil
Essential oils! #lemon #canning #homestead,6,170,6,5,6464,videos\Lemon Essential Oil\6-Lemon Essential Oil.mp4,Lemon Essential Oil
Replying to @s @FerryTale Eg,9,143,3,0,2416,videos\Lemon Essential Oil\9-Lemon Essential Oil.mp4,Lemon Essential Oil
lemon oil on your rubber bandsâ€¦ pops them. no more tearing out your hair!! #hairhacks #rubberbandsin,8,2275,8,32,37800,videos\Lemon Essential Oil\8-Lemon Essential Oil.mp4,Lemon Essential Oil
Coloquei o oleo essencial Lemon da dÅTERRA na minha rotina ğŸ‹ #habitosaudÃ¡vel #oleodoterra #oleoessen,13,30,2,13,1289,videos\Lemon Essential Oil\13-Lemon Essential Oil.mp4,Lemon Essential Oil
Vamos falar um pouquinho do lemon? ğŸ‹ #oleosessenciais #doterra #lemon,11,52,1,66,3178,videos\Lemon Essential Oil\11-Lemon Essential Oil.mp4,Lemon Essential Oil
Now Lemon Essential Oil Organic 30 ml (à¸™à¹‰à¸³à¸¡à¸±à¸™à¸«à¸­à¸¡à¸£à¸°à¹€à¸«à¸¢ à¸à¸¥à¸´à¹ˆà¸™à¹€à¸¥à¸¡à¸­à¸™) à¸ªà¸±à¹ˆà¸‡à¸‹à¸·à¹‰à¸­à¹„à¸”à¹‰à¹à¸¥à¹‰à¸§à¸—à¸µà¹ˆà¹„à¸¥à¸™à¹Œ @nowfoodsth,7,167,0,0,18800,videos\Lemon Essential Oil\7-Lemon Essential Oil.mp4,Lemon Essential Oil
Best mom hack yet!! #lemonessentialoils #curlyhair #momhack #toddlersoftiktok #toddler #essentialoil,12,3525,60,118,801400,videos\Lemon Essential Oil\12-Lemon Essential Oil.mp4,Lemon Essential Oil
Essential oil Lemon yang serba bisa!ğŸ¥°  #manfaatessentialoil #essentialoil #lemon #essentialoilyoungl,10,6,0,2,527,videos\Lemon Essential Oil\10-Lemon Essential Oil.mp4,Lemon Essential Oil
O segundo Ã³leo mais queridinho ğŸ¤© Lemon ğŸ‹ @doterraessentialoils,14,10,0,24,931,videos\Lemon Essential Oil\14-Lemon Essential Oil.mp4,Lemon Essential Oil
#lotion #coconutoil #essentialoils #diylotion #DIY #homemaker #mom #natural #basic #lemon #lavendar,17,326,9,17,20800,videos\Lemon Essential Oil\17-Lemon Essential Oil.mp4,Lemon Essential Oil
Have you tried Lemon Bottle? Theyâ€™re a new advanced lipolysis solution for the face and body! ğŸ‹ - #l,16,4,0,0,669,videos\Lemon Essential Oil\16-Lemon Essential Oil.mp4,Lemon Essential Oil
1 drop of lemon essential oil is all you need. #toddlerhack #toddlerhairstyles #toddlertok #girlmom,20,384500,1246,7025,8000000,videos\Lemon Essential Oil\20-Lemon Essential Oil.mp4,Lemon Essential Oil
#humificador #younglivingessentialoils #relax #oils #lemon #viral #fypã‚· #parati ğŸ’“ğŸ¤ğŸ’“,18,313,7,8,20900,videos\Lemon Essential Oil\18-Lemon Essential Oil.mp4,Lemon Essential Oil
Skincare Red Flags #iknowwhatyoudid #skincare,19,3463,86,16,133500,videos\Lemon Essential Oil\19-Lemon Essential Oil.mp4,Lemon Essential Oil
Como usar los aceites de forma correcta #beoils #youngliving #aceitesesenciales #nontoxicliving #lav,15,85,1,13,4476,videos\Lemon Essential Oil\15-Lemon Essential Oil.mp4,Lemon Essential Oil
"Replying to @mattloveshair  breaking elastics with essentials oils?! Lemon, peppermint, or citrus bl",22,38300,99,187,416600,videos\Lemon Essential Oil\22-Lemon Essential Oil.mp4,Lemon Essential Oil
Iâ€™ve tried it allâ€¦ this is the best and easiest way! #toddlersoftiktok  #hairelastic #hairtok #hairt,24,826800,2430,8528,41900000,videos\Lemon Essential Oil\24-Lemon Essential Oil.mp4,Lemon Essential Oil
3 of our favorite ways to use Lemon Oil! ğŸ‹ #aromatherapy #lemonoil #lemonuses #diffuser #essentialoi,26,55,1,2,1868,videos\Lemon Essential Oil\26-Lemon Essential Oil.mp4,Lemon Essential Oil
Reply to @xjhn OMG ğŸ˜³ I had no idea lemon oil weakens hair elastics! ğŸ‹Maybe if my oil was pure lemon,25,298,4,9,14000,videos\Lemon Essential Oil\25-Lemon Essential Oil.mp4,Lemon Essential Oil
Begginer's guide to essential oil pt.3. Today we will be talking about all this lemon essential oil,27,4,1,0,733,videos\Lemon Essential Oil\27-Lemon Essential Oil.mp4,Lemon Essential Oil
This lemon oil trend is dangerous #lemonoil #essentialoils #oilylife #oilytiktok,21,127,22,5,6461,videos\Lemon Essential Oil\21-Lemon Essential Oil.mp4,Lemon Essential Oil
Keep your home clean & fresh with lemon essential oil ğŸ‹ #fyp #doterra #doterraessentialoils #CleanTo,23,563,7,116,20800,videos\Lemon Essential Oil\23-Lemon Essential Oil.mp4,Lemon Essential Oil
Essential oils! #lemon #canning #homestead,28,170,6,5,6464,videos\Lemon Essential Oil\28-Lemon Essential Oil.mp4,Lemon Essential Oil
Now Lemon Essential Oil Organic 30 ml (à¸™à¹‰à¸³à¸¡à¸±à¸™à¸«à¸­à¸¡à¸£à¸°à¹€à¸«à¸¢ à¸à¸¥à¸´à¹ˆà¸™à¹€à¸¥à¸¡à¸­à¸™) à¸ªà¸±à¹ˆà¸‡à¸‹à¸·à¹‰à¸­à¹„à¸”à¹‰à¹à¸¥à¹‰à¸§à¸—à¸µà¹ˆà¹„à¸¥à¸™à¹Œ @nowfoodsth,29,167,0,0,18800,videos\Lemon Essential Oil\29-Lemon Essential Oil.mp4,Lemon Essential Oil
"Frankincense, rub into your hands after a long day of gardening #tiktokpartner #LearnOnTikTok #essen",2,340,3,23,65600,videos\Frankincense Essential Oil\2-Frankincense Essential Oil.mp4,Frankincense Essential Oil
#autismo #frankincense  #aceiteesencialfrankincense #aceiteesencialdeincienso #aceitesesenciales #ar,1,70300,842,28000,1200000,videos\Frankincense Essential Oil\1-Frankincense Essential Oil.mp4,Frankincense Essential Oil
"Frankincense conocido como el Rey de los Aceites Esenciales, tiene una variedad de usos y beneficios",0,37600,1067,18600,797300,videos\Frankincense Essential Oil\0-Frankincense Essential Oil.mp4,Frankincense Essential Oil
ãƒ•ãƒ©ãƒ³ã‚­ãƒ³ã‚»ãƒ³ã‚¹ç²¾æ²¹ã®åŠ¹èƒ½ã¨ä½¿ã„æ–¹ã€€#ç²¾æ²¹ #ã‚¨ãƒƒã‚»ãƒ³ã‚·ãƒ£ãƒ«ã‚ªã‚¤ãƒ« #ç²¾æ²¹ã®ã‚ã‚‹æš®ã‚‰ã— #è‡ªåˆ†ã¨èª¿å’Œã™ã‚‹ãƒ©ã‚¤ãƒ•ã‚¹ã‚¿ã‚¤ãƒ«  #timelessedition  #ã‚¿ã‚¤ãƒ ãƒ¬ã‚¹ã‚¨ãƒ‡ã‚£ã‚·ãƒ§ãƒ³ #ç²¾æ²¹ã®ãƒ–ãƒ¬ãƒ³ãƒ‰,3,12,0,0,1202,videos\Frankincense Essential Oil\3-Frankincense Essential Oil.mp4,Frankincense Essential Oil
tutorial kop mata dengan frankincense essential oils,5,40,6,6,581,videos\Frankincense Essential Oil\5-Frankincense Essential Oil.mp4,Frankincense Essential Oil
"Letâ€™s make some frankincense oil. Herbal infuser oils are so easy to make, you can make it!",4,392,13,29,8036,videos\Frankincense Essential Oil\4-Frankincense Essential Oil.mp4,Frankincense Essential Oil
Take a closer look at the king of essential oils â€” Frankincense!#ethicallysourced #harvesting #mothe,6,1081,26,198,15300,videos\Frankincense Essential Oil\6-Frankincense Essential Oil.mp4,Frankincense Essential Oil
Every bottle of #doTERRA #frankincense is precious! #pursuewhatspure #sourcetoyou #seethediffrence #,8,143,0,111,3468,videos\Frankincense Essential Oil\8-Frankincense Essential Oil.mp4,Frankincense Essential Oil
Aceite frankincense . Tranquiliza a los niÃ±os con Autismo.  #autismo #solucion #fyc #foryou #franksu,12,213,11,144,4332,videos\Frankincense Essential Oil\12-Frankincense Essential Oil.mp4,Frankincense Essential Oil
Rekomendasi essential oil untuk sistem imun ğŸ’ª #samasamabelajar #lawancovid19,11,107,6,9,11000,videos\Frankincense Essential Oil\11-Frankincense Essential Oil.mp4,Frankincense Essential Oil
"Frankincense Essential Oil Young Living âœ¨ğŸ’¦ Frank nie cukcam punya faveret. Manfaat dia memang padu,",13,18,1,0,627,videos\Frankincense Essential Oil\13-Frankincense Essential Oil.mp4,Frankincense Essential Oil
Headache essential oil temporary hack ğŸŒ± #fyp #fypã‚· #OverwatchMe #headaches #migraines #migrainerelie,10,1008,26,161,33700,videos\Frankincense Essential Oil\10-Frankincense Essential Oil.mp4,Frankincense Essential Oil
"Sacra Essential OilğŸŒŸ You can have it internally in many different ways. Here is one way, by adding t",7,65,7,2,1987,videos\Frankincense Essential Oil\7-Frankincense Essential Oil.mp4,Frankincense Essential Oil
#myrrh #wellnesstips #wellnesshacks #essentialoils #myrrhessentialoil #frankincenseandmyrrh #ancient,9,149,8,7,6378,videos\Frankincense Essential Oil\9-Frankincense Essential Oil.mp4,Frankincense Essential Oil
Have you used these before?! #fypã‚· #manifestationtiktok #quantumjumping #howtomanifest,14,618,6,17,16000,videos\Frankincense Essential Oil\14-Frankincense Essential Oil.mp4,Frankincense Essential Oil
More on Frankincense! Letâ€™s talk about Frankincense essential oil and the spiritual benefits it can,16,633,32,40,16200,videos\Frankincense Essential Oil\16-Frankincense Essential Oil.mp4,Frankincense Essential Oil
"If you have had vertigo -you get it. Well, I think I found something that can help.  #Essentialoils",15,76,2,14,3941,videos\Frankincense Essential Oil\15-Frankincense Essential Oil.mp4,Frankincense Essential Oil
Benefits and safety concerns regarding Frankincense oil! #frankincense #essentialoils #doterraessent,17,76,6,5,4126,videos\Frankincense Essential Oil\17-Frankincense Essential Oil.mp4,Frankincense Essential Oil
My favorite is frankincense and myrrhğŸ«¶ğŸ» #frankincense #myrrh #frankincenseandmyrrh #essentialoils #e,18,127,1,0,2689,videos\Frankincense Essential Oil\18-Frankincense Essential Oil.mp4,Frankincense Essential Oil
"Frankincense essential oil help for claiming, creating an atmosphere of tranquility for meditation.",19,9,0,0,463,videos\Frankincense Essential Oil\19-Frankincense Essential Oil.mp4,Frankincense Essential Oil
#castoroil #castoroilforeyes #frankincense #frankincenseoil #beforeandafter,20,33,11,4,7139,videos\Frankincense Essential Oil\20-Frankincense Essential Oil.mp4,Frankincense Essential Oil
Did you know that essential oils are necessary for healing?#Essentialoils #Frankincense #MentalHealt,21,72,2,8,4034,videos\Frankincense Essential Oil\21-Frankincense Essential Oil.mp4,Frankincense Essential Oil
Can you chew frankincense? #frankincenseessentialoil #essentialoils #differenttypesoffrankincense #p,22,48,6,3,1748,videos\Frankincense Essential Oil\22-Frankincense Essential Oil.mp4,Frankincense Essential Oil
#autismo #frankincense  #aceiteesencialfrankincense #aceiteesencialdeincienso #aceitesesenciales #ar,25,70300,842,28000,1200000,videos\Frankincense Essential Oil\25-Frankincense Essential Oil.mp4,Frankincense Essential Oil
Got something new cooking up! #fyp #foryou #herbneden #essentialoils #naturalskincare #blackowned #s,23,392,4,4,7278,videos\Frankincense Essential Oil\23-Frankincense Essential Oil.mp4,Frankincense Essential Oil
"Frankincense conocido como el Rey de los Aceites Esenciales, tiene una variedad de usos y beneficios",24,37600,1067,18600,797300,videos\Frankincense Essential Oil\24-Frankincense Essential Oil.mp4,Frankincense Essential Oil
ãƒ•ãƒ©ãƒ³ã‚­ãƒ³ã‚»ãƒ³ã‚¹ç²¾æ²¹ã®åŠ¹èƒ½ã¨ä½¿ã„æ–¹ã€€#ç²¾æ²¹ #ã‚¨ãƒƒã‚»ãƒ³ã‚·ãƒ£ãƒ«ã‚ªã‚¤ãƒ« #ç²¾æ²¹ã®ã‚ã‚‹æš®ã‚‰ã— #è‡ªåˆ†ã¨èª¿å’Œã™ã‚‹ãƒ©ã‚¤ãƒ•ã‚¹ã‚¿ã‚¤ãƒ«  #timelessedition  #ã‚¿ã‚¤ãƒ ãƒ¬ã‚¹ã‚¨ãƒ‡ã‚£ã‚·ãƒ§ãƒ³ #ç²¾æ²¹ã®ãƒ–ãƒ¬ãƒ³ãƒ‰,27,12,0,0,1202,videos\Frankincense Essential Oil\27-Frankincense Essential Oil.mp4,Frankincense Essential Oil
"Frankincense, rub into your hands after a long day of gardening #tiktokpartner #LearnOnTikTok #essen",26,340,3,23,65600,videos\Frankincense Essential Oil\26-Frankincense Essential Oil.mp4,Frankincense Essential Oil
tutorial kop mata dengan frankincense essential oils,29,40,6,6,581,videos\Frankincense Essential Oil\29-Frankincense Essential Oil.mp4,Frankincense Essential Oil
"Letâ€™s make some frankincense oil. Herbal infuser oils are so easy to make, you can make it!",28,392,13,29,8036,videos\Frankincense Essential Oil\28-Frankincense Essential Oil.mp4,Frankincense Essential Oil
Tratamiento para pelo ğŸ¤©  #rosemary #alopecia #tacatips #caidadelpelo #pelodeoro #pelolargo #peloriza,2,813,42,182,72200,videos\Rosemary Essential Oil\2-Rosemary Essential Oil.mp4,Rosemary Essential Oil
Replying to @mar.arevalo00 here's how I recommend using rosemary based on the randomized trial study,4,121500,1418,11800,2700000,videos\Rosemary Essential Oil\4-Rosemary Essential Oil.mp4,Rosemary Essential Oil
#rosemaryessentialoilforhair #hairlossremedy #hairhack #rosemaryhack,6,693,30,14,65200,videos\Rosemary Essential Oil\6-Rosemary Essential Oil.mp4,Rosemary Essential Oil
"Â¿Ya lo haz probado, cual fue tu experiencia? Dejalo en los comentarios!ğŸ«£#mielle #miellehairoil #hair",1,1486,79,119,142400,videos\Rosemary Essential Oil\1-Rosemary Essential Oil.mp4,Rosemary Essential Oil
Hair oiling #skincare #fyp #yesstyle #hair #hairoil #hairoiling #haircare #haircolor #cabellolargo #,3,337,4,1,4896,videos\Rosemary Essential Oil\3-Rosemary Essential Oil.mp4,Rosemary Essential Oil
#fyp #hairlossremedy #rosemaryoil #rosemary #lifesaver #repaired #haircare #baldspot #tik_tok #bestr,0,50600,846,6159,1200000,videos\Rosemary Essential Oil\0-Rosemary Essential Oil.mp4,Rosemary Essential Oil
Rosemary peppermint oil for hairgrowth #haircareroutine #rosemaryoil #malegrooming #fyp #dermaroller,5,64900,631,2759,4000000,videos\Rosemary Essential Oil\5-Rosemary Essential Oil.mp4,Rosemary Essential Oil
Essential oil for skin hairâœ¨ğŸ™ŒğŸ’•ğŸ¤©#skincare #fyp #trending #regrow #aliver #viral,11,97,10,4,28300,videos\Rosemary Essential Oil\11-Rosemary Essential Oil.mp4,Rosemary Essential Oil
Hair loss treatment day 108 and i just started using rosemary oil besides minoxidil. Hope this will,7,729,108,7,59800,videos\Rosemary Essential Oil\7-Rosemary Essential Oil.mp4,Rosemary Essential Oil
slow & steady! thereâ€™s progress ğŸ˜­ğŸ˜­ #PP #PostPartum #PostPartumHairloss #Hairloss #PostPartumRecovery,9,98,6,5,4927,videos\Rosemary Essential Oil\9-Rosemary Essential Oil.mp4,Rosemary Essential Oil
#fyp #hairgrowthjourney #4chairtutorials #hairgrowthtips #hairgrowth #africanhairbraiding #rosemaryo,10,159600,3435,1400,3900000,videos\Rosemary Essential Oil\10-Rosemary Essential Oil.mp4,Rosemary Essential Oil
Ø²ÙŠØª Ø§Ù„Ø±ÙˆØ²Ù…Ø§Ø±ÙŠ #Ø¬Ù…Ø§Ù„ #Ø´Ø¹Ø± #ØªØ¬Ù…ÙŠÙ„_Ø¬Ù…Ø§Ù„_Ø§Ù„Ø¨Ø´Ø±Ù‡_Ø¹Ù„Ø§Ø¬Ø§Øª_Ù„Ù„Ø¨Ø´Ø±Ù‡ #ØªØ¬Ù…ÙŠÙ„_Ø§Ù„Ø´Ø¹Ø±,13,65,6,19,5293,videos\Rosemary Essential Oil\13-Rosemary Essential Oil.mp4,Rosemary Essential Oil
#greenscreen #hairoil #mielleorganics #miellehairoil,8,275100,4852,6134,3700000,videos\Rosemary Essential Oil\8-Rosemary Essential Oil.mp4,Rosemary Essential Oil
My hair growth oil is formulated based on clinical studies! ğŸ’– #naturalhairgrowthoil #hairgrowthoilwo,12,170000,544,3808,1700000,videos\Rosemary Essential Oil\12-Rosemary Essential Oil.mp4,Rosemary Essential Oil
Revealing my secret to naturally long lashes. Itâ€™s essential rosemary oil! Just apply couple times a,17,512,24,1,41600,videos\Rosemary Essential Oil\17-Rosemary Essential Oil.mp4,Rosemary Essential Oil
"Prevent Hair Loss with Disaar Hair Essential Oil ! It helps in rapid hair growth, promotes thick and",18,38,2,19,3685,videos\Rosemary Essential Oil\18-Rosemary Essential Oil.mp4,Rosemary Essential Oil
#duet with @Taylor Rose - Trichologist love this video #rosemaryessentialoil #rosemaryoilforgrowth #,14,1926,50,75,80500,videos\Rosemary Essential Oil\14-Rosemary Essential Oil.mp4,Rosemary Essential Oil
Ø§Ù„Ø²ÙŠØª Ø§Ù„Ø±Ù‚Ù… Ù¡ Ø§Ù„Ù…ØªØ¨Ø« Ø¹Ù„Ù…ÙŠØ§ ÙŠÙ†Ø¨Øª ÙˆÙŠÙ‚ÙˆÙŠ Ø§Ù„Ø´Ø¹Ø± Ù…ØªÙˆÙØ± Ø§Ù„Ø£Ù† Ø§Ù„ÙƒÙ…ÙŠØ© Ù…Ø­Ø¯ÙˆØ¯Ø© Ùˆ Ø§Ù„ØªÙˆØµÙŠÙ„ Ù…Ø¬Ø§Ù†ÙŠ  Ù„Ù„Ø·Ù„Ø¨ Ø§Ù„Ø±Ø§Ø¨Ø· Ø¨,19,68,2,7,20600,videos\Rosemary Essential Oil\19-Rosemary Essential Oil.mp4,Rosemary Essential Oil
Ø§Ù„Ø±ÙˆØ²Ù…Ø§Ø±Ù‰ ÙˆØ³Ø­Ø±Ù‡ Ù„ØªØ³Ø§Ù‚Ø· Ø§Ù„Ø´Ø¹Ø±.. #Ù…Ø¹Ù„ÙˆÙ…Ù‡_Ù…Ø¹_Ø¯ÙƒØªÙˆØ±_Ø§Ø¨Ø±Ø§Ù‡ÙŠÙ…  #dr_ebrahim_halawa,16,922,31,85,61700,videos\Rosemary Essential Oil\16-Rosemary Essential Oil.mp4,Rosemary Essential Oil
"@greenpharmacy4  ""ROSMARY OILâ€ ğŸ¤ğŸ‘©ğŸ»#hairtreatment #rosmaryoil #healthy #healthyhair",20,496,9,16,8305,videos\Rosemary Essential Oil\20-Rosemary Essential Oil.mp4,Rosemary Essential Oil
Respuesta a @Mariana Aragon Â¿alguien que si haya notado mucha diferencia? ğŸ™ƒCual me recomiendan?  #ro,15,507,27,3,20700,videos\Rosemary Essential Oil\15-Rosemary Essential Oil.mp4,Rosemary Essential Oil
#fyp #hairlossremedy #rosemaryoil #rosemary #lifesaver #repaired #haircare #baldspot #tik_tok #bestr,23,50600,846,6159,1200000,videos\Rosemary Essential Oil\23-Rosemary Essential Oil.mp4,Rosemary Essential Oil
Hair oiling #skincare #fyp #yesstyle #hair #hairoil #hairoiling #haircare #haircolor #cabellolargo #,26,337,4,1,4897,videos\Rosemary Essential Oil\26-Rosemary Essential Oil.mp4,Rosemary Essential Oil
Replying to @mar.arevalo00 here's how I recommend using rosemary based on the randomized trial study,27,121500,1418,11800,2700000,videos\Rosemary Essential Oil\27-Rosemary Essential Oil.mp4,Rosemary Essential Oil
Rosemary essential oil has been proven to help promote hair growth. Never use essential oil directly,22,380,6,2,9473,videos\Rosemary Essential Oil\22-Rosemary Essential Oil.mp4,Rosemary Essential Oil
"Â¿Ya lo haz probado, cual fue tu experiencia? Dejalo en los comentarios!ğŸ«£#mielle #miellehairoil #hair",24,1486,79,119,142400,videos\Rosemary Essential Oil\24-Rosemary Essential Oil.mp4,Rosemary Essential Oil
Have you tried this? #learnwithme #essentialoilhacks #essentialoiltips #hairgrowthhacks #hairgrowtht,21,26700,246,3160,485000,videos\Rosemary Essential Oil\21-Rosemary Essential Oil.mp4,Rosemary Essential Oil
Tratamiento para pelo ğŸ¤©  #rosemary #alopecia #tacatips #caidadelpelo #pelodeoro #pelolargo #peloriza,25,813,42,182,72200,videos\Rosemary Essential Oil\25-Rosemary Essential Oil.mp4,Rosemary Essential Oil
Rosemary peppermint oil for hairgrowth #haircareroutine #rosemaryoil #malegrooming #fyp #dermaroller,28,64900,631,2759,4000000,videos\Rosemary Essential Oil\28-Rosemary Essential Oil.mp4,Rosemary Essential Oil
#rosemaryessentialoilforhair #hairlossremedy #hairhack #rosemaryhack,29,693,30,14,65200,videos\Rosemary Essential Oil\29-Rosemary Essential Oil.mp4,Rosemary Essential Oil
#chamomile #essentialoils #wellness #LearnOnTikTok,0,250,6,12,8943,videos\Chamomile Essential Oil\0-Chamomile Essential Oil.mp4,Chamomile Essential Oil
"Inhale, exhale & bring calmness to self. #selfcaretips #selflovetips #fyp",4,43,0,0,1894,videos\Chamomile Essential Oil\4-Chamomile Essential Oil.mp4,Chamomile Essential Oil
Anti-inflammatory essential oils part 3 chamomile. #healingtiktok #healing #antiinflammatory #aromat,1,1,0,0,202,videos\Chamomile Essential Oil\1-Chamomile Essential Oil.mp4,Chamomile Essential Oil
"Buat yang susah tidur, gelisah, dan stress harus temenan sama Chamomile essential oilğŸ˜‰ #suniwellness",3,581,0,0,9163,videos\Chamomile Essential Oil\3-Chamomile Essential Oil.mp4,Chamomile Essential Oil
ã”ãã’ã‚“ã‚ˆã†âœ¨ ä»Šæ—¥ã®ã‚¢ãƒ­ãƒã¯ã€ã‚«ãƒ¢ãƒŸãƒ¼ãƒ«ã€‚ #ã‚¨ãƒƒã‚»ãƒ³ã‚·ãƒ£ãƒ«ã‚ªã‚¤ãƒ«ã®ã‚ã‚‹æš®ã‚‰ã—  #ã‚¢ãƒ­ãƒã‚«ã‚¦ãƒ³ã‚»ãƒªãƒ³ã‚°  #ã‚¢ãƒ­ãƒè¬›åº§å—ä»˜ä¸­  #ç™’ã—ã®é¦™ã‚Š #ã‚«ãƒ¢ãƒŸãƒ¼ãƒ« #ã‚¤ãƒ³ãƒŠãƒ¼ãƒãƒ£ã‚¤ãƒ«ãƒ‰ã®ç™’ã—,5,2,0,0,427,videos\Chamomile Essential Oil\5-Chamomile Essential Oil.mp4,Chamomile Essential Oil
Buat kalian yang insomnia bisa pake essential oil varian chamomile @capsen_id #fyp #1111ShopeeHaul #,6,1549,20,8,29000,videos\Chamomile Essential Oil\6-Chamomile Essential Oil.mp4,Chamomile Essential Oil
Pure natural Roman chamomile essential oil #essentialoil#essentialoilfactory#essentialoilbusiness#es,2,2,0,0,347,videos\Chamomile Essential Oil\2-Chamomile Essential Oil.mp4,Chamomile Essential Oil
"Wild orange, lime, tangerine, & grapefruit are some of my favorite citrus oils #learnwithme #essenti",8,108,1,5,4974,videos\Chamomile Essential Oil\8-Chamomile Essential Oil.mp4,Chamomile Essential Oil
Will you try this? #fyp #foryoupage #skincare,12,23,0,0,724,videos\Chamomile Essential Oil\12-Chamomile Essential Oil.mp4,Chamomile Essential Oil
#stitch with @epicgardening #chamomile #plants #herbs #botany #education #science #pronunciation #ga,9,504,7,71,13000,videos\Chamomile Essential Oil\9-Chamomile Essential Oil.mp4,Chamomile Essential Oil
"Replying to @mattloveshair  breaking elastics with essentials oils?! Lemon, peppermint, or citrus bl",7,38300,99,187,416600,videos\Chamomile Essential Oil\7-Chamomile Essential Oil.mp4,Chamomile Essential Oil
"Soothe: Comprising powerful anti-inflammatory and calming properties, Chamomile Essential Oil is a w",13,2,0,0,663,videos\Chamomile Essential Oil\13-Chamomile Essential Oil.mp4,Chamomile Essential Oil
No pude evitar ğŸ˜± #memen  #locion ğŸ¥° como la usas tu ?,11,34100,340,248,658700,videos\Chamomile Essential Oil\11-Chamomile Essential Oil.mp4,Chamomile Essential Oil
Plant Therapy German Chamomile Essential Oil || ğŸŒ¿ German Chamomile is widely known for promoting fee,10,6,0,0,705,videos\Chamomile Essential Oil\10-Chamomile Essential Oil.mp4,Chamomile Essential Oil
#ad Dream Essential Oil Blend by Maple Holistics.#diffuser #oilblends #sleep #essentialoils #mapleho,15,49,0,3,45600,videos\Chamomile Essential Oil\15-Chamomile Essential Oil.mp4,Chamomile Essential Oil
How much do you know about Roman chamomile essential oilï¼ŸğŸ¤”â“ #scent #capcut #aromatherapy #essentialo,19,4,0,0,229,videos\Chamomile Essential Oil\19-Chamomile Essential Oil.mp4,Chamomile Essential Oil
#answer to @Tonya Hinkle #aromatherapy #lavender #romanchamomile #gurunanda #essentialoils,18,45,2,1,1470,videos\Chamomile Essential Oil\18-Chamomile Essential Oil.mp4,Chamomile Essential Oil
"It's important to note that individual experiences may vary, and the effects of chamomile oil can di",17,36,4,0,1842,videos\Chamomile Essential Oil\17-Chamomile Essential Oil.mp4,Chamomile Essential Oil
7 Essential oils everyone should have in their medicine cabinet. Part 5. Citrus Oils. #drjoshaxe #es,20,1300,11,255,23500,videos\Chamomile Essential Oil\20-Chamomile Essential Oil.mp4,Chamomile Essential Oil
Look closely ğŸ‘€ #formulation #naturalskincare #naturalingredients #plantbased #asmrvideo #mixingvideo,14,121,6,1,2665,videos\Chamomile Essential Oil\14-Chamomile Essential Oil.mp4,Chamomile Essential Oil
Fresh #chamomile tea from the #garden,16,19100,134,249,201900,videos\Chamomile Essential Oil\16-Chamomile Essential Oil.mp4,Chamomile Essential Oil
100% Pure Minyak Essential Oil Tanpa Campuran Pengawet #suniwellness #essentialoildiffuser #essentia,21,162,6,7,17100,videos\Chamomile Essential Oil\21-Chamomile Essential Oil.mp4,Chamomile Essential Oil
"Buat yang susah tidur, gelisah, dan stress harus temenan sama Chamomile essential oilğŸ˜‰ #suniwellness",26,581,0,0,9163,videos\Chamomile Essential Oil\26-Chamomile Essential Oil.mp4,Chamomile Essential Oil
#chamomile #essentialoils #wellness #LearnOnTikTok,23,250,6,12,8943,videos\Chamomile Essential Oil\23-Chamomile Essential Oil.mp4,Chamomile Essential Oil
Anti-inflammatory essential oils part 3 chamomile. #healingtiktok #healing #antiinflammatory #aromat,24,1,0,0,202,videos\Chamomile Essential Oil\24-Chamomile Essential Oil.mp4,Chamomile Essential Oil
Pure natural Roman chamomile essential oil #essentialoil#essentialoilfactory#essentialoilbusiness#es,25,2,0,0,347,videos\Chamomile Essential Oil\25-Chamomile Essential Oil.mp4,Chamomile Essential Oil
"Inhale, exhale & bring calmness to self. #selfcaretips #selflovetips #fyp",27,43,0,0,1894,videos\Chamomile Essential Oil\27-Chamomile Essential Oil.mp4,Chamomile Essential Oil
Serenity oil also works great for sleep #learnwithme #essentialoiltips #holistichealth #essentialoil,22,2631,57,317,42200,videos\Chamomile Essential Oil\22-Chamomile Essential Oil.mp4,Chamomile Essential Oil
ã”ãã’ã‚“ã‚ˆã†âœ¨ ä»Šæ—¥ã®ã‚¢ãƒ­ãƒã¯ã€ã‚«ãƒ¢ãƒŸãƒ¼ãƒ«ã€‚ #ã‚¨ãƒƒã‚»ãƒ³ã‚·ãƒ£ãƒ«ã‚ªã‚¤ãƒ«ã®ã‚ã‚‹æš®ã‚‰ã—  #ã‚¢ãƒ­ãƒã‚«ã‚¦ãƒ³ã‚»ãƒªãƒ³ã‚°  #ã‚¢ãƒ­ãƒè¬›åº§å—ä»˜ä¸­  #ç™’ã—ã®é¦™ã‚Š #ã‚«ãƒ¢ãƒŸãƒ¼ãƒ« #ã‚¤ãƒ³ãƒŠãƒ¼ãƒãƒ£ã‚¤ãƒ«ãƒ‰ã®ç™’ã—,28,2,0,0,427,videos\Chamomile Essential Oil\28-Chamomile Essential Oil.mp4,Chamomile Essential Oil
Buat kalian yang insomnia bisa pake essential oil varian chamomile @capsen_id #fyp #1111ShopeeHaul #,29,1549,20,8,29000,videos\Chamomile Essential Oil\29-Chamomile Essential Oil.mp4,Chamomile Essential Oil
Geranium essential oil is known as poor manâ€™s rose. #geranium #geraniumoil #oiltips #howtouseoils #l,0,141,19,4,7606,videos\Geranium Essential Oil\0-Geranium Essential Oil.mp4,Geranium Essential Oil
geranium essential oil tip #2 #tiktokpartner #LearnOnTikTok #essentialoils #healthyliving #geranium,4,31,1,5,1720,videos\Geranium Essential Oil\4-Geranium Essential Oil.mp4,Geranium Essential Oil
Geranium my favorite Essential Oil #fypã‚· #younglivingessentialoils,1,19,1,9,1346,videos\Geranium Essential Oil\1-Geranium Essential Oil.mp4,Geranium Essential Oil
What are the benefits of Geranium? #Geranium #Geraniumoil #essentialoils #aromatherapy #StressRelief,2,51,1,2,1800,videos\Geranium Essential Oil\2-Geranium Essential Oil.mp4,Geranium Essential Oil
#ad @Everlasting_Comfort #everlastingcomfort #essentialoils #fragrancetiktok #scenttok #essentialoil,3,175,1,0,8012,videos\Geranium Essential Oil\3-Geranium Essential Oil.mp4,Geranium Essential Oil
No pude evitar ğŸ˜± #memen  #locion ğŸ¥° como la usas tu ?,6,34100,340,248,658700,videos\Geranium Essential Oil\6-Geranium Essential Oil.mp4,Geranium Essential Oil
,5,242,0,3,8435,videos\Geranium Essential Oil\5-Geranium Essential Oil.mp4,Geranium Essential Oil
El producto que mÃ¡s me ha ayudado ğŸ’› Rosehip seed oil âœ¨ #skincare #rosehipoil #worththehype #skincare,7,330,8,7,11700,videos\Geranium Essential Oil\7-Geranium Essential Oil.mp4,Geranium Essential Oil
7 Essential oils everyone should have in their medicine cabinet. Part 5. Citrus Oils. #drjoshaxe #es,10,1300,11,255,23500,videos\Geranium Essential Oil\10-Geranium Essential Oil.mp4,Geranium Essential Oil
Tinh dáº§u phong lá»¯ (geranium essential oil) 100% nguyÃªn cháº¥t. #kobi #tinhdau #tinhdaukobi  #tinhdauth,13,4,0,1,509,videos\Geranium Essential Oil\13-Geranium Essential Oil.mp4,Geranium Essential Oil
5 aceites esenciales que amarÃ¡sğŸŒ¿ #aceitesesenciales #youngliving #aceitesesencialesyoungliving #tikt,9,1932,61,113,32300,videos\Geranium Essential Oil\9-Geranium Essential Oil.mp4,Geranium Essential Oil
Answer to @carol_3366 geraniums can be easy to grow if youâ€™ll follow these 5 tips! #gardeningtiktok,11,489,19,27,15400,videos\Geranium Essential Oil\11-Geranium Essential Oil.mp4,Geranium Essential Oil
#geranium #geraniumoil #essentialoils #essentialoils101 #aromatherapy #aroma #informative #didyoukno,12,4,1,0,292,videos\Geranium Essential Oil\12-Geranium Essential Oil.mp4,Geranium Essential Oil
Spiritual Uses of Tea Tree essential oil #essentialoils #essentialoil #spiritualtiktok,8,56,3,0,2994,videos\Geranium Essential Oil\8-Geranium Essential Oil.mp4,Geranium Essential Oil
Solusi buat kalian yang gampang insomnia & stress! Enaknya pake ini cukup dikit aja wanginya udah 1,18,994,0,22,21700,videos\Geranium Essential Oil\18-Geranium Essential Oil.mp4,Geranium Essential Oil
Why no one talks about this?  It has so many benefits. #skincare #over40 #beauty #antiaging #review,19,76,0,2,4284,videos\Geranium Essential Oil\19-Geranium Essential Oil.mp4,Geranium Essential Oil
100% Pure Minyak Essential Oil Tanpa Campuran Pengawet #suniwellness #essentialoildiffuser #essentia,17,162,6,7,17100,videos\Geranium Essential Oil\17-Geranium Essential Oil.mp4,Geranium Essential Oil
"Who doesnâ€™t love a fresh smelling home? ğŸŠğŸ‹ This essential oil blend will give you a beautiful, citru",15,681,17,18,51000,videos\Geranium Essential Oil\15-Geranium Essential Oil.mp4,Geranium Essential Oil
If your heart needs healing this is for you #learnwithme #essentialoiltips #holisticwellness #essent,20,137,3,7,3876,videos\Geranium Essential Oil\20-Geranium Essential Oil.mp4,Geranium Essential Oil
Como usar los aceites de forma correcta #beoils #youngliving #aceitesesenciales #nontoxicliving #lav,16,85,1,13,4476,videos\Geranium Essential Oil\16-Geranium Essential Oil.mp4,Geranium Essential Oil
Comfort your eczema with an easy DIY recipe. #PureFormulas #EczemaCream #DIYBeautyRecipe #dryskin,14,149,4,16,12000,videos\Geranium Essential Oil\14-Geranium Essential Oil.mp4,Geranium Essential Oil
Geranium my favorite Essential Oil #fypã‚· #younglivingessentialoils,23,19,1,9,1346,videos\Geranium Essential Oil\23-Geranium Essential Oil.mp4,Geranium Essential Oil
What are the benefits of Geranium? #Geranium #Geraniumoil #essentialoils #aromatherapy #StressRelief,24,51,1,2,1800,videos\Geranium Essential Oil\24-Geranium Essential Oil.mp4,Geranium Essential Oil
Geranium essential oil is known as poor manâ€™s rose. #geranium #geraniumoil #oiltips #howtouseoils #l,22,141,19,4,7606,videos\Geranium Essential Oil\22-Geranium Essential Oil.mp4,Geranium Essential Oil
"Replying to @firman_84 ada dong kak, kebetulan bgt lagi diskon cuma sampe 27 sept hehe #youngliving",21,103,5,19,6978,videos\Geranium Essential Oil\21-Geranium Essential Oil.mp4,Geranium Essential Oil
geranium essential oil tip #2 #tiktokpartner #LearnOnTikTok #essentialoils #healthyliving #geranium,26,31,1,5,1720,videos\Geranium Essential Oil\26-Geranium Essential Oil.mp4,Geranium Essential Oil
#ad @Everlasting_Comfort #everlastingcomfort #essentialoils #fragrancetiktok #scenttok #essentialoil,25,175,1,0,8012,videos\Geranium Essential Oil\25-Geranium Essential Oil.mp4,Geranium Essential Oil
,27,242,0,3,8435,videos\Geranium Essential Oil\27-Geranium Essential Oil.mp4,Geranium Essential Oil
No pude evitar ğŸ˜± #memen  #locion ğŸ¥° como la usas tu ?,28,34100,340,248,658700,videos\Geranium Essential Oil\28-Geranium Essential Oil.mp4,Geranium Essential Oil
El producto que mÃ¡s me ha ayudado ğŸ’› Rosehip seed oil âœ¨ #skincare #rosehipoil #worththehype #skincare,29,330,8,7,11700,videos\Geranium Essential Oil\29-Geranium Essential Oil.mp4,Geranium Essential Oil
What is ylang ylang oils benefits? #ylangylang #essentialoils #oils #aromatherapy #naturalfragrance,2,36,0,3,1346,videos\Ylang-Ylang Essential Oil\2-Ylang-Ylang Essential Oil.mp4,Ylang-Ylang Essential Oil
What is ylang ylang essential oil good for? #ylangylangoil #ylangylangessentialoil #oiltip @oiltips,5,9,0,0,807,videos\Ylang-Ylang Essential Oil\5-Ylang-Ylang Essential Oil.mp4,Ylang-Ylang Essential Oil
I love how Ylang Ylang smells so intricate- if I had to describe it Iâ€™d say itâ€™s sort of like a very,3,86,4,3,5979,videos\Ylang-Ylang Essential Oil\3-Ylang-Ylang Essential Oil.mp4,Ylang-Ylang Essential Oil
#action #huileessentielle #ylangylang #cheveux #fyp #actionfrance #explor,4,2149,91,1781,152300,videos\Ylang-Ylang Essential Oil\4-Ylang-Ylang Essential Oil.mp4,Ylang-Ylang Essential Oil
Â¿SABES PARA QUÃ‰ SIRVE EL YLANG YLANG? #aromaterapia  #aceitesesenciales  #esencias #salud,1,43,0,6,2149,videos\Ylang-Ylang Essential Oil\1-Ylang-Ylang Essential Oil.mp4,Ylang-Ylang Essential Oil
This time #ylangylangessentialoil for the win! I love this essnetial oil because the linalool conten,0,155,6,4,6471,videos\Ylang-Ylang Essential Oil\0-Ylang-Ylang Essential Oil.mp4,Ylang-Ylang Essential Oil
This product was given to me in exchange for an honest review by Dior and Influenster,6,11,1,0,1121,videos\Ylang-Ylang Essential Oil\6-Ylang-Ylang Essential Oil.mp4,Ylang-Ylang Essential Oil
#fincabotanica #youngliving #paicotea #incanmelissa #aceitesesenciales #palosanto #younglivingessent,7,12,3,0,587,videos\Ylang-Ylang Essential Oil\7-Ylang-Ylang Essential Oil.mp4,Ylang-Ylang Essential Oil
Making a Magic Candle! #witchtok #witch #tarot #candlemagic,8,137600,234,289,924400,videos\Ylang-Ylang Essential Oil\8-Ylang-Ylang Essential Oil.mp4,Ylang-Ylang Essential Oil
#essentialoil #pronunciation  #howtosay,13,1,2,0,325,videos\Ylang-Ylang Essential Oil\13-Ylang-Ylang Essential Oil.mp4,Ylang-Ylang Essential Oil
#oils #essentialoils #free99 #youngliving #fyp,9,1011,63,25,45300,videos\Ylang-Ylang Essential Oil\9-Ylang-Ylang Essential Oil.mp4,Ylang-Ylang Essential Oil
Ylang ylang Bodyoil with beautiful forgetmenots #DIY #gift #bodyoil #essentialoils #beauty #forgetme,11,119,4,1,3075,videos\Ylang-Ylang Essential Oil\11-Ylang-Ylang Essential Oil.mp4,Ylang-Ylang Essential Oil
Mezcla de Aceites Esenciales: PIRIFICATION ğŸ«§ #YoungLiving #AceitesEsenciales #Bienestar #purificatio,12,78,4,5,2406,videos\Ylang-Ylang Essential Oil\12-Ylang-Ylang Essential Oil.mp4,Ylang-Ylang Essential Oil
#youngliving #younglivingesentialoils,10,200,6,77,37100,videos\Ylang-Ylang Essential Oil\10-Ylang-Ylang Essential Oil.mp4,Ylang-Ylang Essential Oil
#essentialoils #sleep #sleephelp #lemongrass #ylangylang #fyp #yupik #yupiktiktok #native #nativetik,14,45,1,1,1129,videos\Ylang-Ylang Essential Oil\14-Ylang-Ylang Essential Oil.mp4,Ylang-Ylang Essential Oil
"O reparador de pontas Essential Oil Repair Balai Ãsia tem o Ã³leo de Ylang Ylang, que promove maciez,",15,2,0,0,367,videos\Ylang-Ylang Essential Oil\15-Ylang-Ylang Essential Oil.mp4,Ylang-Ylang Essential Oil
What is #MELILEA #Pure #YlangYlang  #EssentialOil used for? Check it out #PurelyForYourWellBeing #FY,18,3,0,0,113,videos\Ylang-Ylang Essential Oil\18-Ylang-Ylang Essential Oil.mp4,Ylang-Ylang Essential Oil
Hereâ€™s how Ylang Ylang essential oils can soothe and protect your baby! ğŸ‘¶ Ylang Ylang is one of our,17,279,12,34,8593,videos\Ylang-Ylang Essential Oil\17-Ylang-Ylang Essential Oil.mp4,Ylang-Ylang Essential Oil
"Potong sabun yang pakai essential oil Ylang-Ylang.  Ada yang bilang, wanginya ""mistis"" tapi aku suka",20,27,3,0,683,videos\Ylang-Ylang Essential Oil\20-Ylang-Ylang Essential Oil.mp4,Ylang-Ylang Essential Oil
Here are Baby Seraphyneâ€™s favorite essential oils! Comment e-oils and follow for her everyday essent,19,33,3,1,3899,videos\Ylang-Ylang Essential Oil\19-Ylang-Ylang Essential Oil.mp4,Ylang-Ylang Essential Oil
"Replying to @firman_84 ada dong kak, kebetulan bgt lagi diskon cuma sampe 27 sept hehe #youngliving",16,103,5,19,6978,videos\Ylang-Ylang Essential Oil\16-Ylang-Ylang Essential Oil.mp4,Ylang-Ylang Essential Oil
I love how Ylang Ylang smells so intricate- if I had to describe it Iâ€™d say itâ€™s sort of like a very,26,86,4,3,5980,videos\Ylang-Ylang Essential Oil\26-Ylang-Ylang Essential Oil.mp4,Ylang-Ylang Essential Oil
Â¿SABES PARA QUÃ‰ SIRVE EL YLANG YLANG? #aromaterapia  #aceitesesenciales  #esencias #salud,24,43,0,6,2149,videos\Ylang-Ylang Essential Oil\24-Ylang-Ylang Essential Oil.mp4,Ylang-Ylang Essential Oil
#action #huileessentielle #ylangylang #cheveux #fyp #actionfrance #explor,27,2149,91,1781,152300,videos\Ylang-Ylang Essential Oil\27-Ylang-Ylang Essential Oil.mp4,Ylang-Ylang Essential Oil
Udah ngediffuse oil apa hari ini guis ? #youngliving #ylangylang #adayinmylifeindonesia #adayinmylif,21,14,1,3,678,videos\Ylang-Ylang Essential Oil\21-Ylang-Ylang Essential Oil.mp4,Ylang-Ylang Essential Oil
This time #ylangylangessentialoil for the win! I love this essnetial oil because the linalool conten,23,155,6,4,6471,videos\Ylang-Ylang Essential Oil\23-Ylang-Ylang Essential Oil.mp4,Ylang-Ylang Essential Oil
Some of my fav moves to train Back & Core ğŸ”¥ 1. Banded face pull 2. Superman pull down 1 - 3 (slow ne,22,54,2,0,605,videos\Ylang-Ylang Essential Oil\22-Ylang-Ylang Essential Oil.mp4,Ylang-Ylang Essential Oil
What is ylang ylang oils benefits? #ylangylang #essentialoils #oils #aromatherapy #naturalfragrance,25,36,0,3,1346,videos\Ylang-Ylang Essential Oil\25-Ylang-Ylang Essential Oil.mp4,Ylang-Ylang Essential Oil
What is ylang ylang essential oil good for? #ylangylangoil #ylangylangessentialoil #oiltip @oiltips,28,9,0,0,807,videos\Ylang-Ylang Essential Oil\28-Ylang-Ylang Essential Oil.mp4,Ylang-Ylang Essential Oil
This product was given to me in exchange for an honest review by Dior and Influenster,29,11,1,0,1121,videos\Ylang-Ylang Essential Oil\29-Ylang-Ylang Essential Oil.mp4,Ylang-Ylang Essential Oil
One of my favorite essential oil blends ğŸ§¡âœ¨ #essentialoils #gurunanda #walmartfinds #essentialoilsfor,3,87,3,3,4553,videos\Orange Essential Oil\3-Orange Essential Oil.mp4,Orange Essential Oil
#aroosbeautysolutionoffcial #foryou #bahrain #qatar #kuwait #bahrain,6,154,1,14,8778,videos\Orange Essential Oil\6-Orange Essential Oil.mp4,Orange Essential Oil
Mira lo que este Aceite Esencial de Orange puede ofrecerte. #naranja #saludybienestar #younglivinges,2,20,0,3,693,videos\Orange Essential Oil\2-Orange Essential Oil.mp4,Orange Essential Oil
#aromatherapy #aroma #fragrance #handmade #nature #orange,0,169,0,10,5494,videos\Orange Essential Oil\0-Orange Essential Oil.mp4,Orange Essential Oil
"Ive kept this secret for so long. But its time, I have to share it with you #nailtok #nails #diynail",4,198,4,2,9232,videos\Orange Essential Oil\4-Orange Essential Oil.mp4,Orange Essential Oil
Oil of Day: ORANGE ğŸŠ #essentialoils #fyp #fypã‚· #SelfCare #naturalremedy #DIY #LearnOnTikTok #selflov,1,103,2,7,5641,videos\Orange Essential Oil\1-Orange Essential Oil.mp4,Orange Essential Oil
did you know these benefits of Blood Orange essential oil? #bloodorange #bloodorangeessentialoil #ed,5,13,0,0,290,videos\Orange Essential Oil\5-Orange Essential Oil.mp4,Orange Essential Oil
Orange essential oil soap cutting #soap #relaxing #soapcuttting #payday #orangesoap,10,291,1,4,7473,videos\Orange Essential Oil\10-Orange Essential Oil.mp4,Orange Essential Oil
Reuse orange peel ğŸŠ #stayhomestaystrong #reuserecycle #citrus #orange #spraybottle #essentialoil #di,11,47500,46,343,754600,videos\Orange Essential Oil\11-Orange Essential Oil.mp4,Orange Essential Oil
Essential oils! #lemon #canning #homestead,8,170,6,5,6464,videos\Orange Essential Oil\8-Orange Essential Oil.mp4,Orange Essential Oil
7 Essential oils everyone should have in their medicine cabinet. Part 5. Citrus Oils. #drjoshaxe #es,7,1300,11,255,23500,videos\Orange Essential Oil\7-Orange Essential Oil.mp4,Orange Essential Oil
Essential oils keep it fresh ğŸ‘ƒğŸ—‘ï¸ #hack #LifeHack #pad #mindblown #learnedontiktok #essentialoils,13,81,9,8,10200,videos\Orange Essential Oil\13-Orange Essential Oil.mp4,Orange Essential Oil
Disfruta de los beneficios del aceite de Bergamota #aceitedebergamotajust #chrysswisjust #swissjustb,12,110,0,2,3255,videos\Orange Essential Oil\12-Orange Essential Oil.mp4,Orange Essential Oil
ğŸ˜³ğŸ‘ŒğŸ‘Œ #youngliving #essentialoils #pores #skincarehacks #makeuphacks #makeuptricks #makeuptips #founda,9,256,8,14,26900,videos\Orange Essential Oil\9-Orange Essential Oil.mp4,Orange Essential Oil
and then relate to all of the main characters  #edgarallanpoe #theblackcat,17,208,1,3,1478,videos\Orange Essential Oil\17-Orange Essential Oil.mp4,Orange Essential Oil
everything is a classic lit reference if you can make it into one #kafkaesque #metamorphosis #franzk,18,159,3,1,1666,videos\Orange Essential Oil\18-Orange Essential Oil.mp4,Orange Essential Oil
"Replying to @firman_84 ada dong kak, kebetulan bgt lagi diskon cuma sampe 27 sept hehe #youngliving",14,103,5,19,6978,videos\Orange Essential Oil\14-Orange Essential Oil.mp4,Orange Essential Oil
Como usar los aceites de forma correcta #beoils #youngliving #aceitesesenciales #nontoxicliving #lav,16,85,1,13,4476,videos\Orange Essential Oil\16-Orange Essential Oil.mp4,Orange Essential Oil
No pude evitar ğŸ˜± #memen  #locion ğŸ¥° como la usas tu ?,19,34100,340,248,658700,videos\Orange Essential Oil\19-Orange Essential Oil.mp4,Orange Essential Oil
#oils #essentialoils #free99 #youngliving #fyp,15,1011,63,25,45300,videos\Orange Essential Oil\15-Orange Essential Oil.mp4,Orange Essential Oil
Heâ€™s objectively smarter than me,20,334,9,4,9563,videos\Orange Essential Oil\20-Orange Essential Oil.mp4,Orange Essential Oil
Oil of Day: ORANGE ğŸŠ #essentialoils #fyp #fypã‚· #SelfCare #naturalremedy #DIY #LearnOnTikTok #selflov,24,103,2,7,5641,videos\Orange Essential Oil\24-Orange Essential Oil.mp4,Orange Essential Oil
#aromatherapy #aroma #fragrance #handmade #nature #orange,23,169,0,10,5494,videos\Orange Essential Oil\23-Orange Essential Oil.mp4,Orange Essential Oil
Redam emosi kamu kalo lagi ngadepin temen yang kaya gini dengan essential oil OrangeğŸŠğŸƒ #essentialoil,21,7,0,0,388,videos\Orange Essential Oil\21-Orange Essential Oil.mp4,Orange Essential Oil
Geranium essential oil is known as poor manâ€™s rose. #geranium #geraniumoil #oiltips #howtouseoils #l,22,141,19,4,7606,videos\Orange Essential Oil\22-Orange Essential Oil.mp4,Orange Essential Oil
Mira lo que este Aceite Esencial de Orange puede ofrecerte. #naranja #saludybienestar #younglivinges,25,20,0,3,693,videos\Orange Essential Oil\25-Orange Essential Oil.mp4,Orange Essential Oil
"Ive kept this secret for so long. But its time, I have to share it with you #nailtok #nails #diynail",27,198,4,2,9232,videos\Orange Essential Oil\27-Orange Essential Oil.mp4,Orange Essential Oil
One of my favorite essential oil blends ğŸ§¡âœ¨ #essentialoils #gurunanda #walmartfinds #essentialoilsfor,26,87,3,3,4553,videos\Orange Essential Oil\26-Orange Essential Oil.mp4,Orange Essential Oil
#aroosbeautysolutionoffcial #foryou #bahrain #qatar #kuwait #bahrain,29,154,1,14,8778,videos\Orange Essential Oil\29-Orange Essential Oil.mp4,Orange Essential Oil
did you know these benefits of Blood Orange essential oil? #bloodorange #bloodorangeessentialoil #ed,28,13,0,0,290,videos\Orange Essential Oil\28-Orange Essential Oil.mp4,Orange Essential Oil
One of my favorite essential oil blends ğŸ§¡âœ¨ #essentialoils #gurunanda #walmartfinds #essentialoilsfor,2,87,3,3,4553,videos\Cedarwood Essential Oil\2-Cedarwood Essential Oil.mp4,Cedarwood Essential Oil
wanginya #pure #essentialoils #cedarwood #cedarwoodessentialoil #melileaessentialoil #melileapureess,4,367,2,0,4210,videos\Cedarwood Essential Oil\4-Cedarwood Essential Oil.mp4,Cedarwood Essential Oil
YOUNG LIVING CEDARWOOD ESSENTIAL OIL IS 98% SESQUITERPENES. #aboundingabundance #blessedbeyondmeasur,6,5,0,0,206,videos\Cedarwood Essential Oil\6-Cedarwood Essential Oil.mp4,Cedarwood Essential Oil
The #EssentialOilOfTheMonth is #Cedarwood âœ¨ Get 10% off this June when you purchase #MELILEA Cedarwo,3,9,0,6,730,videos\Cedarwood Essential Oil\3-Cedarwood Essential Oil.mp4,Cedarwood Essential Oil
Cedarwood essential oil for hair #hair #doterra #longhair #realhair #healthyhair #haircare #hairgrow,0,134,6,4,5511,videos\Cedarwood Essential Oil\0-Cedarwood Essential Oil.mp4,Cedarwood Essential Oil
Essential oil of the day is Cedarwood.ï¿¼#lymphaticsystem #essentialoils #skinandhaircare #spirtualhea,1,111,6,7,3565,videos\Cedarwood Essential Oil\1-Cedarwood Essential Oil.mp4,Cedarwood Essential Oil
Our certfied-organic cedarwood is produced in Morocco and is renowned for its grounding and calming,5,16,1,1,1434,videos\Cedarwood Essential Oil\5-Cedarwood Essential Oil.mp4,Cedarwood Essential Oil
7 Essentials oils everyone should have in their medicine cabinet. Part 2. Myrrh Oil. #drjoshaxe #ess,9,5709,83,1268,85100,videos\Cedarwood Essential Oil\9-Cedarwood Essential Oil.mp4,Cedarwood Essential Oil
Halo Healthy People. Yuk buruan cobain cedar wood oil #fyp #xbcyza #cedarwood #alami,13,18,0,0,805,videos\Cedarwood Essential Oil\13-Cedarwood Essential Oil.mp4,Cedarwood Essential Oil
#fleaandtick #fleaandtickprevention #oscarthecat #cedarcide #allpurposebugspray #cedarwoodessentialo,11,298,12,9,13700,videos\Cedarwood Essential Oil\11-Cedarwood Essential Oil.mp4,Cedarwood Essential Oil
"Add a carrier oil like fractionated coconut, almond, or jojoba and a few drops of Cedarwood into a r",10,24,1,0,1725,videos\Cedarwood Essential Oil\10-Cedarwood Essential Oil.mp4,Cedarwood Essential Oil
MUJI â€¢ ESSENTIAL OIL CEDARWOOD â€¢ #muji #cedarweeod #bedroom #quarantine,7,25,0,0,1048,videos\Cedarwood Essential Oil\7-Cedarwood Essential Oil.mp4,Cedarwood Essential Oil
Essential oil Cedarwood banyak manfaat dan aromanya bikin tenang dan menyejukkanğŸ¥°,8,11,0,0,496,videos\Cedarwood Essential Oil\8-Cedarwood Essential Oil.mp4,Cedarwood Essential Oil
Respuesta a @gracielaarellanochela AquÃ­ esta un receta sencilla para preparar el aceite de lavanda e,0,,,,,videos\Lavender Essential Oil\0-Lavender Essential Oil.mp4,Lavender Essential Oil
Como usar los aceites de forma correcta #beoils #youngliving #aceitesesenciales #nontoxicliving #lav,4,,,,,videos\Lavender Essential Oil\4-Lavender Essential Oil.mp4,Lavender Essential Oil
ğŸª»âœ¨ï¸ğŸ’œ EstÃ¡ lo mÃ¡ximo este difusor de air wick!!! #difusor #airwick #lavanda #lavender #diffuser #esse,6,,,,,videos\Lavender Essential Oil\6-Lavender Essential Oil.mp4,Lavender Essential Oil
ğŸ’œ LAVENDER OIL EXTRACT ğŸ’œ PART ONE of two!  you will need:  â€¢dried lavender stems  â€¢morter and pestle,1,,,,,videos\Lavender Essential Oil\1-Lavender Essential Oil.mp4,Lavender Essential Oil
5 aceites esenciales que amarÃ¡sğŸŒ¿ #aceitesesenciales #youngliving #aceitesesencialesyoungliving #tikt,3,,,,,videos\Lavender Essential Oil\3-Lavender Essential Oil.mp4,Lavender Essential Oil
Does aromatherapy help you to sleep? #lavenderessentialoil #healthbenefits #aromatherapy #sleepspray,2,,,,,videos\Lavender Essential Oil\2-Lavender Essential Oil.mp4,Lavender Essential Oil
How to make lavender oil. #GetYourJeansOn #HPRadicalReuse  #lavender #essentialoils #lavenderoil #fa,5,,,,,videos\Lavender Essential Oil\5-Lavender Essential Oil.mp4,Lavender Essential Oil
One of my favorites to throw in the diffuser at night! #essentialoils #lavender #sleepy #eveningrout,9,,,,,videos\Lavender Essential Oil\9-Lavender Essential Oil.mp4,Lavender Essential Oil
Non-Toxic Fabric Refresher ğŸŒ¿ #nontoxicliving #homemadecleaningproducts #livingtoxinfree #fabricspray,10,,,,,videos\Lavender Essential Oil\10-Lavender Essential Oil.mp4,Lavender Essential Oil
Lavender Essential Oil Benefits #tiktokpartner #LearnOnTikTok #essentialoils #followme #fyp #fy #for,13,,,,,videos\Lavender Essential Oil\13-Lavender Essential Oil.mp4,Lavender Essential Oil
Lavender cupcake smells too good,12,,,,,videos\Lavender Essential Oil\12-Lavender Essential Oil.mp4,Lavender Essential Oil
True Lavender oil roll on #gurunandaofficial #gurunanda #essentialoil #rollon #asmr,11,,,,,videos\Lavender Essential Oil\11-Lavender Essential Oil.mp4,Lavender Essential Oil
Just because something is natural does not mean itâ€™s good for you! #estrogendominance #lavender #tea,7,,,,,videos\Lavender Essential Oil\7-Lavender Essential Oil.mp4,Lavender Essential Oil
"Yha gitu emang kalo gak paham, kadang suka ngegas ğŸ™ƒ #lavender #essentialoils #lavenderessentialoil #",8,,,,,videos\Lavender Essential Oil\8-Lavender Essential Oil.mp4,Lavender Essential Oil
Beautiful Lenses from @Multicolorlab-eyes  ğŸ¤©ğŸ¤©ğŸ¤© Use my code : â€œedajullâ€ for ğŸ’° off!  Website link on m,16,,,,,videos\Lavender Essential Oil\16-Lavender Essential Oil.mp4,Lavender Essential Oil
Respuesta a @gracielaarellanochela AquÃ­ esta un receta sencilla para preparar el aceite de lavanda e,0,1891,22,405,49600,videos\Lavender Essential Oil\0-Lavender Essential Oil.mp4,Lavender Essential Oil
5 aceites esenciales que amarÃ¡sğŸŒ¿ #aceitesesenciales #youngliving #aceitesesencialesyoungliving #tikt,3,1933,61,113,32300,videos\Lavender Essential Oil\3-Lavender Essential Oil.mp4,Lavender Essential Oil
Does aromatherapy help you to sleep? #lavenderessentialoil #healthbenefits #aromatherapy #sleepspray,2,3432,22,17,166100,videos\Lavender Essential Oil\2-Lavender Essential Oil.mp4,Lavender Essential Oil
How to make lavender oil. #GetYourJeansOn #HPRadicalReuse  #lavender #essentialoils #lavenderoil #fa,5,1060,8,34,32900,videos\Lavender Essential Oil\5-Lavender Essential Oil.mp4,Lavender Essential Oil
ğŸ’œ LAVENDER OIL EXTRACT ğŸ’œ PART ONE of two!  you will need:  â€¢dried lavender stems  â€¢morter and pestle,1,689,27,35,32600,videos\Lavender Essential Oil\1-Lavender Essential Oil.mp4,Lavender Essential Oil
Como usar los aceites de forma correcta #beoils #youngliving #aceitesesenciales #nontoxicliving #lav,4,85,1,13,4483,videos\Lavender Essential Oil\4-Lavender Essential Oil.mp4,Lavender Essential Oil
ğŸª»âœ¨ï¸ğŸ’œ EstÃ¡ lo mÃ¡ximo este difusor de air wick!!! #difusor #airwick #lavanda #lavender #diffuser #esse,6,85,5,7,6330,videos\Lavender Essential Oil\6-Lavender Essential Oil.mp4,Lavender Essential Oil
Just because something is natural does not mean itâ€™s good for you! #estrogendominance #lavender #tea,7,243,26,23,26700,videos\Lavender Essential Oil\7-Lavender Essential Oil.mp4,Lavender Essential Oil
Non-Toxic Fabric Refresher ğŸŒ¿ #nontoxicliving #homemadecleaningproducts #livingtoxinfree #fabricspray,10,1740,29,156,52500,videos\Lavender Essential Oil\10-Lavender Essential Oil.mp4,Lavender Essential Oil
Respuesta a @gracielaarellanochela AquÃ­ esta un receta sencilla para preparar el aceite de lavanda e,0,1891,22,405,49600,videos\Lavender Essential Oil\0-Lavender Essential Oil.mp4,Lavender Essential Oil
Lavender Essential Oil Benefits #tiktokpartner #LearnOnTikTok #essentialoils #followme #fyp #fy #for,13,178,0,9,11700,videos\Lavender Essential Oil\13-Lavender Essential Oil.mp4,Lavender Essential Oil
Replying to @sleepp..2  who else loves lavender?? ğŸ’œ #lavender #bathandbodyworks #fyou #foryou #foryo,14,156,10,1,8515,videos\Lavender Essential Oil\14-Lavender Essential Oil.mp4,Lavender Essential Oil
Como usar los aceites de forma correcta #beoils #youngliving #aceitesesenciales #nontoxicliving #lav,4,85,1,13,4483,videos\Lavender Essential Oil\4-Lavender Essential Oil.mp4,Lavender Essential Oil
Just because something is natural does not mean itâ€™s good for you! #estrogendominance #lavender #tea,7,243,26,23,26700,videos\Lavender Essential Oil\7-Lavender Essential Oil.mp4,Lavender Essential Oil
